gene	region_exon_group	metric	controls_mean	controls_sd	dcm_mean	dcm_sd	dcm_delta_vs_control	hcm_mean	hcm_sd	hcm_delta_vs_control	other_cm_mean	other_cm_sd
TTN	N-terminal Z-disk exons	Mean PSI	92	4	90	6	-2.0	91	5	-1.0	89	6
TTN	I-band (PEVK proximal)	Mean PSI	78	8	68	10	-10.0	74	9	-4.0	70	11
TTN	I-band (PEVK distal)	Mean PSI	65	9	55	1	-10.0	61	10	-4.0	57	12
TTN	N2B exon cluster	Mean PSI	82	7	70	9	-12.0	78	8	-4.0	72	10
TTN	N2BA-specific exon cluster	Mean PSI	48	8	62	10	14.0	52	9	4.0	58	11
TTN	N2BA:N2B isoform ratio	Mean ratio	0.58	0.10	0.89	0.15	0.31	0.67	0.12	0.09	0.81	0.16
MYH7	Head / motor domain exons	Mean PSI	96	3	94	4	-2.0	93	5	-3.0	94	4
MYH7	Neck / lever arm domain exons	Mean PSI	88	6	82	8	-6.0	80	9	-8.0	83	8
MYH7	Tail / rod domain exons	Mean PSI	91	5	86	7	-5.0	87	6	-4.0	85	8
MYH7	Disease-enriched alternative exons	Mean PSI	12	5	26	9	14.0	21	8	9.0	24	10
